{
    "name": "root",
    "metadata": {
        "timer_format_version": "0.1.0",
        "start_time_seconds": "1745767375",
        "python_version": "3.9.18 (main, Sep 11 2023, 14:09:26) [MSC v.1916 64 bit (AMD64)]",
        "command_line_arguments": "C:\\Users\\santi\\anaconda3\\envs\\mlagents-env\\Scripts\\mlagents-learn config/JumperAgent.yaml --run-id=elfde",
        "mlagents_version": "0.29.0",
        "mlagents_envs_version": "0.29.0",
        "communication_protocol_version": "1.5.0",
        "pytorch_version": "1.7.1+cu110",
        "numpy_version": "1.21.2",
        "end_time_seconds": "1745767457"
    },
    "total": 81.63144279999999,
    "count": 1,
    "self": 0.00884939999998835,
    "children": {
        "run_training.setup": {
            "total": 0.07776549999999993,
            "count": 1,
            "self": 0.07776549999999993
        },
        "TrainerController.start_learning": {
            "total": 81.5448279,
            "count": 1,
            "self": 0.00018889999998350504,
            "children": {
                "TrainerController._reset_env": {
                    "total": 6.299456500000001,
                    "count": 1,
                    "self": 6.299456500000001
                },
                "TrainerController.advance": {
                    "total": 73.72419690000001,
                    "count": 1,
                    "self": 1.2900000015747537e-05,
                    "children": {
                        "env_step": {
                            "total": 73.724184,
                            "count": 1,
                            "self": 73.72417929999999,
                            "children": {
                                "SubprocessEnvManager._take_step": {
                                    "total": 4.699999999857596e-06,
                                    "count": 1,
                                    "self": 4.699999999857596e-06
                                }
                            }
                        }
                    }
                },
                "TrainerController._save_models": {
                    "total": 1.520985600000003,
                    "count": 1,
                    "self": 0.012965100000002394,
                    "children": {
                        "RLTrainer._checkpoint": {
                            "total": 1.5080205000000007,
                            "count": 1,
                            "self": 1.5080205000000007
                        }
                    }
                }
            }
        }
    }
}