{
    "name": "root",
    "metadata": {
        "timer_format_version": "0.1.0",
        "start_time_seconds": "1745767480",
        "python_version": "3.9.18 (main, Sep 11 2023, 14:09:26) [MSC v.1916 64 bit (AMD64)]",
        "command_line_arguments": "C:\\Users\\santi\\anaconda3\\envs\\mlagents-env\\Scripts\\mlagents-learn config/JumperAgent.yaml --run-id=twaalfde",
        "mlagents_version": "0.29.0",
        "mlagents_envs_version": "0.29.0",
        "communication_protocol_version": "1.5.0",
        "pytorch_version": "1.7.1+cu110",
        "numpy_version": "1.21.2",
        "end_time_seconds": "1745767579"
    },
    "total": 99.53959429999999,
    "count": 1,
    "self": 0.0037696999999923264,
    "children": {
        "run_training.setup": {
            "total": 0.06803249999999994,
            "count": 1,
            "self": 0.06803249999999994
        },
        "TrainerController.start_learning": {
            "total": 99.4677921,
            "count": 1,
            "self": 0.00023759999999128922,
            "children": {
                "TrainerController._reset_env": {
                    "total": 7.278171700000001,
                    "count": 1,
                    "self": 7.278171700000001
                },
                "TrainerController.advance": {
                    "total": 91.39546560000001,
                    "count": 1,
                    "self": 2.8600000007372728e-05,
                    "children": {
                        "env_step": {
                            "total": 91.395437,
                            "count": 1,
                            "self": 91.3954307,
                            "children": {
                                "SubprocessEnvManager._take_step": {
                                    "total": 6.300000000791783e-06,
                                    "count": 1,
                                    "self": 6.300000000791783e-06
                                }
                            }
                        }
                    }
                },
                "TrainerController._save_models": {
                    "total": 0.7939171999999957,
                    "count": 1,
                    "self": 0.010867599999997424,
                    "children": {
                        "RLTrainer._checkpoint": {
                            "total": 0.7830495999999982,
                            "count": 1,
                            "self": 0.7830495999999982
                        }
                    }
                }
            }
        }
    }
}