{
    "name": "root",
    "metadata": {
        "timer_format_version": "0.1.0",
        "start_time_seconds": "1745769111",
        "python_version": "3.9.18 (main, Sep 11 2023, 14:09:26) [MSC v.1916 64 bit (AMD64)]",
        "command_line_arguments": "C:\\Users\\santi\\anaconda3\\envs\\mlagents-env\\Scripts\\mlagents-learn config/JumperAgent.yaml --run-id=23",
        "mlagents_version": "0.29.0",
        "mlagents_envs_version": "0.29.0",
        "communication_protocol_version": "1.5.0",
        "pytorch_version": "1.7.1+cu110",
        "numpy_version": "1.21.2",
        "end_time_seconds": "1745769184"
    },
    "total": 73.37191410000001,
    "count": 1,
    "self": 0.0032213000000211878,
    "children": {
        "run_training.setup": {
            "total": 0.06803160000000008,
            "count": 1,
            "self": 0.06803160000000008
        },
        "TrainerController.start_learning": {
            "total": 73.3006612,
            "count": 1,
            "self": 0.00014500000000339242,
            "children": {
                "TrainerController._reset_env": {
                    "total": 7.3621907,
                    "count": 1,
                    "self": 7.3621907
                },
                "TrainerController.advance": {
                    "total": 65.23115949999999,
                    "count": 1,
                    "self": 1.6099999982088775e-05,
                    "children": {
                        "env_step": {
                            "total": 65.23114340000001,
                            "count": 1,
                            "self": 65.23113710000001,
                            "children": {
                                "SubprocessEnvManager._take_step": {
                                    "total": 6.2999999990154265e-06,
                                    "count": 1,
                                    "self": 6.2999999990154265e-06
                                }
                            }
                        }
                    }
                },
                "TrainerController._save_models": {
                    "total": 0.7071660000000008,
                    "count": 1,
                    "self": 0.006933799999998769,
                    "children": {
                        "RLTrainer._checkpoint": {
                            "total": 0.7002322000000021,
                            "count": 1,
                            "self": 0.7002322000000021
                        }
                    }
                }
            }
        }
    }
}